80.85,80.2,73.99,82.7,120.3,79.5,71.5,90.5,78.03,75.4,114.62,92.6,84.38,84.5,81.2,80,112.2,84.8,101,84.4,80.5,102.15,65.02,76.98,73
80.78,80.4,73.96,81.6,120.5,79.8,71.6,90,78.23,76.3,113.82,92.6,84.42,85.1,80.8,80.1,111.8,85.9,100.8,83.5,80.4,102.1,64.95,76.73,72.3
80.75,80.6,73.93,80.9,120.4,80.1,71.7,89.5,78.43,76.6,113.02,92.6,84.48,85.7,80.4,80.9,111.4,87.3,100.6,82.2,80.5,102.05,64.88,76.38,71.8
80.7,80.8,73.9,79.9,120.1,80.5,71.8,89,78.63,76.8,112.22,92.6,84.55,86.3,80,81.1,111,88.3,100,82,80.8,102,64.81,75.97,71
80.65,81,73.87,79.2,120.1,80.8,71.9,88.5,78.83,77.5,111.42,92.6,84.62,86.8,79.6,81.1,110.6,90.5,99.7,80.7,81.1,101.95,64.74,75.53,70.4
80.62,81.2,73.84,78.6,120.3,81.7,72,88,79.03,77.8,110.62,92.6,84.65,88.3,78.7,80.4,110.2,91.3,99.4,80.4,81.6,101.9,64.67,75.08,70.5
80.57,81.2,73.81,78.5,120.8,82,72.1,87.5,79.23,78.1,109.82,92.6,84.67,89.5,78.1,80.7,109.8,91,99.1,79.8,81.5,101.85,64.6,74.65,70.4
80.48,81.2,73.78,78.8,121.3,82.4,72.2,87,79.43,78.4,109.02,92.6,84.68,90,77.2,80.9,109.4,91,98.8,80.2,81.6,101.8,64.53,74.2,70.7
80.38,81.2,73.75,78.8,121.5,82.8,72.5,86.5,79.63,78.7,108.22,92.6,84.7,90.8,75.8,81.1,109,91.1,98.8,79.2,81.9,101.75,64.46,73.73,70.8
80.3,81.2,73.72,79,121.4,82.9,73,86,79.83,78.7,107.42,92.6,84.68,91.6,75.1,82.1,108.6,91,98.8,79.7,81.7,101.7,64.39,73.27,70.8
80.2,81.2,73.69,79,121.3,82.9,73.6,85.5,80.03,78.7,106.62,92.6,84.67,92.1,74.1,83.4,108.2,93.6,98.9,79.9,81.7,101.65,64.32,72.82,70.7
80.17,81.2,73.66,78.9,121.3,83.1,74.2,85,80.23,77.8,105.82,92.6,84.57,93.6,73.7,83.4,107.8,94.8,99.1,80.2,82.2,101.6,64.25,72.43,70.6
80.28,81.2,73.63,78.9,121.3,83.2,74.6,84.5,80.42,78.5,105.02,92.6,84.45,94.4,73.2,83.8,107.4,95.2,99.3,79.7,82.3,101.55,64.18,72.03,70.5
80.37,81.2,73.6,78.8,121.5,83.1,75.1,84,80.57,78.8,104.22,92.6,84.37,95,72.8,84.5,107,96.2,99.3,79.3,82.3,101.5,64.11,71.58,70.4
80.45,81.2,73.57,78.9,121.6,82.9,75.3,83.5,80.72,79.1,103.42,92.6,84.28,95.5,72.7,85,106.6,96.3,99.5,78.9,82.7,101.45,64.04,71.18,70.4
80.5,81.2,73.54,79.1,121.7,82.8,75.3,83,80.85,79.094,102.62,92.6,84.27,96.1,72.7,85.4,106.2,95.9,99.4,79,82.6,101.4,63.97,71.28,70.8
80.57,81.9,73.51,79.6,121.8,82.6,75.3,82.5,80.95,79.089,101.82,92.6,84.25,96.6,72.5,85.567,105.8,95.5,99.6,78.6,82.3,101.35,63.9,71.43,71.4
80.7,82.8,73.48,80.8,121.8,82.5,75.2,82,81.08,79.083,101.02,92.6,84.37,96.6,71.5,85.733,105.4,96.4,100.3,78.3,82.8,101.3,63.83,71.62,72
80.78,83.6,73.45,82.3,121.6,82.1,75,81.4,81.23,79.078,100.22,92.6,84.47,96.6,71.2,85.9,105,96.3,100.8,78.4,82.9,101.25,63.76,71.77,72.5
80.92,84.4,73.42,82.8,121.4,81.1,75.1,82.4,81.32,79.072,99.42,92.6,84.55,96.6,71.1,85.4,104.6,96.1,100.8,78.1,83,101.2,63.69,71.87,72.8
81.12,85.5,73.4,83.4,120.9,80.7,75,81,81.42,79.067,98.62,92.6,84.6,96.6,71.8,84.4,103.8,95.5,100.9,78,83.5,101.15,63.62,71.95,73.2
81.3,86,73.4,83.7,120.6,80.4,74.9,80.7,81.57,79.061,97.82,92.6,84.67,96.6,72,84.1,103,95.1,101.1,77.9,83.8,101.1,63.55,71.98,73.3
81.5,86.3,73.4,83.6,120.5,80,74.6,80.2,81.68,79.056,97.02,92.6,84.72,96.6,73.6,83.7,102.5,94.8,101.2,78.1,84.2,101.05,63.48,72.05,73.4
81.78,86.6,73.38,83.5,120.9,79.2,74.1,79.5,81.83,79.05,96.22,92.6,84.73,96.5,74,83.3,101.9,94.3,101.9,78.2,84.8,101,63.47,72.12,73.5
82.07,86.7,73.35,83.8,120.4,78.8,73.9,79,82.03,79.044,95.42,92.6,84.72,96.55,74.4,82.7,101.7,94.1,102,78.9,84.9,100.95,63.47,72.23,73.6
82.37,87,73.32,83.3,120.2,78.4,73.6,78.8,82.25,79.039,94.62,93.4,84.68,96.6,74.6,82.6,101.9,93.7,102.1,78.8,84.4,100.9,63.4,72.3,73.1
82.6,87.2,73.27,83.1,120,77.8,73.2,78.4,82.43,79.033,93.82,93.6,84.63,96.6,74.9,81.5,101.6,92.9,102.2,78.6,84.3,100.85,63.37,72.33,72.6
82.78,87.5,73.18,82.8,119.7,77.2,73,78.4,82.55,79.028,93.02,93.8,84.55,96.6,75.5,80.6,101.4,92.6,102.5,77.8,84.4,100.8,63.37,72.45,71.8
82.92,87.9,73.07,82.6,119.8,77.217,72.7,78,82.68,79.022,92.22,94.4,84.48,96.4,75.8,81.7,101,92.4,102.6,77.5,84.1,100.75,63.42,72.58,71.5
83.02,88.7,72.95,82.4,119.7,77.233,72.4,77.7,82.92,79.017,91.42,94.7,84.37,96.2,76.8,81.9,100.4,92.3,102.7,77.3,84.5,100.7,63.35,72.72,71
82.995,89.4,72.83,82.5,119.8,77.25,72.5,78.4,83.08,79.011,90.62,95.2,84.32,96,77.3,81.1,100,90.2,102.7,77.1,84.7,100.65,63.3,72.83,70.8
82.97,90,72.73,82.3,120,77.267,72.5,77.4,83.22,79.006,89.82,95.4,84.27,96.1,78.2,80.9,99.4,89.5,102.6,76.5,84.3,100.6,63.22,72.87,70.6
82.945,90.2,72.67,82,120.3,77.283,72.7,77.4,83.4,79,89.03,95.6,84.23,96,78.8,79.9,98.7,89.3,102.6,76.9,84.1,99.7,63.15,72.9,70.6
82.92,90.2,72.6,81.7,120.4,77.3,72.5,77.5,83.62,78.8,88.23,95.5,84.22,95.7,79.1,79.6,98.2,89,102.6,76.8,84,99.7,62.98,72.82,70.6
82.82,89.9,72.53,81.5,120.6,77.4,72.4,77.5,83.77,79,87.68,95.5,84.22,95.7,78.9,79.2,97.9,88.6,102.5,77,83.7,99.9,62.8,72.8,70.4
82.68,89.2,72.5,80.4,120.6,77.8,72.2,77.4,83.93,78.6,87.23,95.6,84.2,95.5,79.3,79.1,97.3,88.7,102.5,76.8,83.9,99.4,62.67,72.75,70.2
82.53,89,72.47,79.8,120.6,77.9,72.1,77.2,84.1,78.4,86.78,95.5,84.13,94.8,79.7,78.8,96.9,88.8,102.3,77.1,84.2,98.9,62.52,72.72,69.7
82.35,88.7,72.42,78.4,120.5,78,72.114,77.1,84.23,77.7,86.33,95.5,84.05,94,79.867,78.5,96.7,88.6,102,77.8,83.7,98.1,62.45,72.67,69.4
82.15,88.3,72.38,76.6,120.7,78.6,72.129,77.2,84.43,77.4,85.88,95.5,83.97,93.5,80.033,79,96.4,88.3,101.8,78.1,83.6,96.3,62.13,72.6,69.2
81.93,88,72.38,76.592,121,79.3,72.143,75.8,84.63,76.7,85.43,95.6,83.83,93.3,80.2,79.3,96.2,88.2,101.9,78.5,83.5,95.5,61.82,72.52,69.2
81.7,87.9,72.35,76.585,121.7,80,72.157,76.7,84.77,76.8,84.98,95.7,83.65,92.4,79.7,79.6,95.9,88.1,101.9,78.9,83.4,94.7,61.5,72.43,69.2
81.47,88,72.32,76.577,122.3,80.6,72.171,76.3,84.93,76.8,84.57,95.9,83.45,91.6,79.4,79.3,95.4,87.6,101.9,79.4,83.5,93.7,61.23,72.35,69.3
81.25,88.1,72.35,76.569,123,81.5,72.186,75.8,85,76.8,84,95.9,83.08,90.7,79.2,79,94.9,87.5,102,80,82.9,93.3,60.98,72.3,69.4
81.02,88.1,72.38,76.562,123.2,82.2,72.2,75.2,85.1,77.1,83.43,95.8,82.68,90.2,79.4,79,94.6,87.2,102.1,79.9,82.2,92.7,60.75,72.25,69.2
80.8,88.3,72.43,76.554,123.8,83,72.3,73.7,85.28,77.3,82.82,96,82.3,89.5,79.4,79.6,94.5,87,102.3,80.1,82,92.3,60.52,72.35,69.2
80.6,88.1,72.45,76.546,123.9,83.4,72.3,73,85.25,77.4,82.2,96.2,81.93,89.2,79,80.1,94.3,87,102.8,79.7,82.8,91.9,60.28,72.52,69.2
80.4,88.1,72.47,76.538,123.8,84,72.3,71.9,85.23,77.5,81.63,96.3,81.62,88.4,78.4,80.7,94.1,87.3,103,79.5,83,91.3,60.03,72.63,69.2
80.25,87.9,72.45,76.531,123.7,84.4,72.3,70.9,85.22,77.4,81.07,96.8,81.2,88,77.4,80.7,94.1,87.2,103.1,79.7,82.7,90.1,59.7,72.78,69.2
80.12,87.5,72.47,76.523,123.7,85.1,72.1,71,85.25,77.5,80.75,97.2,80.78,88.2,76.9,79.6,94.3,86.9,103,80.1,83.1,90.2,59.37,72.93,69.2
79.97,86.6,72.47,76.515,123.8,85,72.108,70.4,85.25,77.5,80.53,97.4,80.42,88.1,76.2,78.7,94.5,86.9,102.7,80.1,82.8,89.4,59.08,72.65,69.2
79.8,86.1,72.42,76.508,124,84.4,72.115,68.6,85.22,77.5,80.28,97.8,80,88.6,75.7,77.6,94.4,86.7,102.4,80,82.9,89.3,58.83,72.35,69.2
79.62,85.4,72.42,76.5,124.2,84.3,72.123,69.6,85.17,77.6,80.03,98.3,79.62,88.7,75.1,77,94.3,86.4,102.2,80.3,83,89.7,58.62,71.98,69.2
79.4,85,72.42,76.7,124.19,84.6,72.131,68.6,85.08,77.1,79.78,98.7,79.27,89.6,74.9,76.5,94.2,85.9,102,79.7,82.8,90,58.4,71.82,69.2
79.15,84.9,72.4,76.7,124.18,84.7,72.138,68.564,85,76.6,79.55,99,79.03,90.2,74.9,76.2,94.1,85.7,101.8,79.7,82.9,89.6,58.2,71.6,69.2
78.9,85.2,72.4,76.7,124.18,85,72.146,68.527,84.93,75.8,79.33,99.5,78.73,90.4,75.1,75.5,93.6,85.4,101.8,79.6,82.9,89.5,57.98,71.4,69.2
78.65,85.9,72.27,77,124.17,84.9,72.154,68.491,84.85,75.3,79.12,99.8,78.4,90.8,75,74.9,93.5,85.3,101.7,79.6,82.8,89.2,57.73,71.18,69.2
78.38,86.4,72.18,76.9,124.16,85,72.162,68.455,84.77,74.9,79.23,100.2,78.07,91.6,74.8,73.5,93.2,85,101.7,79.3,83,90.8,57.48,70.85,69.2
78.12,86.9,72.12,77.1,124.15,85.1,72.169,68.418,84.7,74.4,79.37,100.4,77.72,92.4,74.6,72.8,93.2,84.8,101.8,78.4,83.3,90,57.32,70.838,69.2
77.85,87.2,72,77.5,124.14,85.2,72.177,68.382,84.58,74.5,79.53,100.4,77.38,93.1,74.1,71.3,93,84.8,101.7,78.1,83.5,91.7,57.17,70.825,69.2
77.6,87.3,71.9,77.8,124.13,85.3,72.185,68.345,84.5,75,79.65,100.6,77.02,93.5,73.9,71.6,93.2,84.2,101.7,77.5,83.6,92.8,57,70.813,69.2
77.37,87.2,71.8,78.1,124.12,84.3,72.192,68.309,84.42,75.8,79.88,100.6,76.67,94.1,74.1,71.8,93,84.1,101.4,77.1,83.8,93.3,56.83,70.8,69.2
77.28,87,71.7,78,124.12,83.7,72.2,68.273,84.35,76,80.22,100.7,76.33,95,74.2,71.8,93,84,101.2,76.6,83.7,93.5,56.68,70.787,69.2
77.2,87.1,71.62,77.8,124.11,82.8,72.5,68.236,84.28,76,80.23,100.9,76.02,96.4,74.1,71.3,93.2,84.1,100.9,76.644,84.1,93.8,56.53,70.775,69.2
77.13,86.9,71.5,77.6,124.1,82.5,72.4,68.2,84.22,75.5,80.1,101.1,75.63,96.367,73.5,70.7,93.1,84.2,100.4,76.689,84.7,93.8,56.4,70.763,69.2
77.07,86.7,71.38,77.3,124,82.4,72.4,69.8,84.15,75.4,79.98,101.2,75.23,96.333,73.3,69.7,93.1,84.3,100.2,76.733,84.6,92.9,56.28,70.75,69.2
76.98,86.7,71.25,77.3,124,83.1,72.4,69.5,84.13,75.2,79.88,101.3,74.92,96.3,73.7,69,92.8,84,99.7,76.778,84.1,92.1,56.2,70.737,69.2
76.9,86.5,71.15,77,123.7,83.6,72.5,70.3,84.13,75.2,79.97,101.3,74.6,96.267,74.3,68.8,92.8,84,99.3,76.822,84,90.9,56.07,70.725,69.4
76.82,86.6,71.03,76.7,123.87,84.4,72.6,71.2,84.15,75.1,79.98,101.3,74.27,96.233,75.7,69.3,92.5,84,99.1,76.867,84.1,90.4,55.98,70.713,69.5
76.7,87,70.92,76.7,124.03,84.478,72.8,71.3,84.15,75.1,79.98,101.3,73.97,96.2,76.2,69.5,92.4,84,99.2,76.911,84.1,89.5,55.87,70.7,69.6
76.55,87.6,70.82,76.7,124.2,84.556,73.4,71.6,84.13,75,79.98,101.3,73.67,96.167,76.9,69.1,92.386,84,99.3,76.956,84.1,88.9,55.73,70.688,69.6
76.4,88,70.73,76.7,123.9,84.633,73.7,72.4,84.12,76.1,80,101.4,73.38,96.133,77.2,68.9,92.371,84,99.3,77,83.7,88,55.58,70.675,69.6
76.27,88.6,70.65,76.7,123.6,84.711,74.1,72.1,84,75.6,80.02,101.5,73.17,96.1,77.9,68.4,92.357,84,99.4,77.3,83.7,87.2,55.45,70.662,69.8
76.17,89.3,70.6,76.7,123.5,84.789,74.3,72.6,83.9,76.1,80.08,101.4,72.9,95.4,78.2,68.1,92.343,84,99.5,78,84.2,86.7,55.27,70.65,70.1
76.08,89.3,70.6,76.7,123.3,84.867,74.4,73.1,83.67,76.4,80.12,101.4,72.65,95.1,79,68.125,92.329,84.2,99.7,78.1,84.9,86.3,55.2,70.92,70.5
76.02,89.3,70.6,76.7,123,84.944,74.4,73.6,83.43,77,80.18,101.3,72.37,94.9,79.6,68.15,92.314,84.1,99.7,78.2,85.1,85.4,55.1,71.18,71.2
75.97,88,70.6,76.7,122.7,85.022,74.5,73.3,83.22,77.6,80.27,101.3,72.02,94.6,79.584,68.175,92.3,84,99.6,78.5,85.6,85.4,55.144,70.98,71.6
75.9,87.1,70.6,76.7,122.5,85.1,74.3,75,83.03,78,80.42,101.5,71.7,94.3,79.568,68.2,92.9,84.3,99.6,78.6,85.5,84.1,55.188,70.72,72.5
75.83,86.1,70.6,76.7,122.5,84.5,74.1,75.4,82.83,78.2,80.63,101.5,71.33,94.2,79.553,68.2,92.9,84.6,99.4,79,85.9,84.8,55.232,70.712,72.8
75.75,85.7,70.6,76.7,122.5,84.1,74,75.6,82.63,78,80.88,101.5,70.93,93.8,79.537,68.1,93.1,84.7,99.3,79.1,85.8,84.7,55.276,70.705,73.1
75.65,85.5,70.6,76.7,122.7,84,73.9,75.4,82.52,77.3,81.15,101.5,70.5,93.3,79.521,68.26,93,85,99.3,79.3,85.5,84.2,55.32,70.698,73.1
75.53,85.7,70.6,76.7,122.8,85.1,73.8,74.8,82.37,76,81.42,101.5,70.07,92.9,79.505,68.42,92.7,85.4,99.5,79.2,85.6,84.1,55.63,70.69,72.8
75.4,85.5,70.6,76.7,122.9,85.05,73.8,75.2,82.2,75.3,81.7,101.5,69.65,91.2,79.489,68.58,92.8,85.3,99.8,79.3,85.8,83.6,55.92,70.683,72.5
75.25,85,70.6,76.7,122.9,85,73.7,74.9,82.05,74.9,82,101.5,69.23,89.7,79.474,68.74,92.7,85.3,99.8,79.4,85.6,82.9,56.17,70.675,72.4
75.08,84.5,70.6,76.7,122.9,84.95,74.2,74.6,81.85,74.6,82.3,101.5,68.88,89,79.458,68.9,92.8,85.3,99.9,79.2,85.3,82.3,56.42,70.667,72.4
74.93,84.1,70.6,76.7,122.9,84.9,74.5,73.9,81.63,74.4,82.62,101.5,68.57,88.9,79.442,70.2,92.7,85.3,99.9,79.3,85.3,83.1,56.63,70.66,72.5
74.8,83.2,70.6,76.7,122.8,84.85,74.8,74.6,81.4,74.4,82.87,101.1,68.25,88.9,79.426,71.7,92.8,85.8,99.9,79.2,85.7,83.6,56.82,70.653,72.7
74.72,82.8,70.6,77.1,122.8,84.8,75.3,74.2,81.17,74.5,83.23,100.9,67.97,88.5,79.411,72.6,92.6,86.7,99.9,78.8,86.2,84.1,57,70.645,72.7
74.63,82.2,70.6,77.1,122.8,84.75,75.8,73.9,80.98,74.8,83.65,100.9,67.68,87.9,79.395,73.6,92.6,87.1,100,78.4,86.3,84.5,57.15,70.637,72.9
74.6,81.6,70.6,77.2,122.9,84.7,76.2,73.6,80.83,74.6,84.07,101,67.38,86.6,79.379,74.4,92.5,88.1,100.2,78.1,86.7,84.6,57.22,70.63,72.9
74.57,81.563,70.6,77.3,123,84.1,76.9,73.2,80.55,74.3,84.55,101.1,67.08,86.6,79.363,75.9,92.4,88.8,100.2,77.7,86.9,84.7,57.42,70.623,73
74.53,81.526,70.6,77.7,123,83.7,77.2,73.2,80.38,72.8,85.03,101,66.75,85.7,79.347,77.1,92.4,89.1,100.5,77.5,87.3,85.7,57.6,70.615,73
74.5,81.489,70.6,78.1,123,83.8,77.5,73.2,80.23,73,85.48,100.9,66.4,85.4,79.332,78.1,92.3,90,100.5,77.6,87.1,86.3,57.7,70.608,72.9
74.503,81.453,70.6,78.5,122.9,84,77.1,72.9,80.03,72.5,85.73,101.1,66,85.4,79.316,79.4,92.3,90.6,100.6,78.2,87,86.5,57.78,70.6,72.8
74.506,81.416,70.6,79.1,122.9,83.8,76.8,74.2,80.032,72.1,86,101.1,65.62,85.7,79.3,80.7,92.6,91.3,100.6,78.7,86.8,86.3,58.03,70.73,72.5
74.509,81.379,70.6,79.4,122.9,83.4,76.6,73.2,80.035,71.2,86.03,101.3,65.22,85.6,78.2,82.1,92.7,92.1,100.6,78.8,86.7,86.2,58.25,70.9,72
74.512,81.342,70.6,79.6,122.9,82.9,76.6,73,80.037,70.4,85.98,101.1,64.82,84.9,76.7,83.3,93,93.3,100.7,78.6,86.4,86,58.63,71.07,71.7
74.515,81.305,70.6,79.8,122.9,82.5,76.8,72.8,80.04,69.7,85.92,100.7,64.47,84.914,75.4,84.3,93,93.5,100.8,78.7,86.4,87.3,59.03,71.23,71.3
74.518,81.268,70.6,80.1,122.8,82.1,77.1,72.4,80.042,68.8,85.87,100.2,64.13,84.929,73.3,85.5,92.8,93.9,101,78.9,85.7,86,59.45,71.42,71.1
74.521,81.232,70.6,80.6,123,81.9,77.4,71.9,80.044,68.4,85.83,99.7,63.83,84.943,72,86.3,92.6,94.9,101.3,79,85.7,86.1,59.75,71.62,71
74.524,81.195,70.6,80.8,123.1,81.2,77.7,71.5,80.047,67.8,85.82,99.2,63.827,84.957,70.3,86.283,92.5,95.4,101.3,79.2,86.2,86.3,60.05,71.82,70.9
74.527,81.158,70.6,81.2,123.5,80.5,77.9,71.1,80.049,67.86,85.78,98.7,63.824,84.971,69.1,86.266,92.5,96.3,101.3,79.6,86.2,86.2,60.25,72.02,71
74.53,81.121,70.6,81.3,123.7,79.3,77.8,70.1,80.051,67.92,85.75,98.8,63.821,84.986,68.4,86.248,92.3,96.9,101.1,79.6,86.2,86,60.43,72.25,71
74.533,81.084,70.6,81.3,123.9,78.6,77.8,69.7,80.054,67.98,85.68,99.3,63.818,85,67.4,86.231,92.3,97.8,101.1,79.9,86.4,85.6,60.57,72.48,71
74.536,81.047,70.6,81.7,124,77.5,77.6,69.1,80.056,68.04,85.58,99.8,63.815,85.014,68.1,86.214,92.3,97.791,101.2,81.1,86.9,85.1,60.65,72.7,71.1
74.539,81.011,70.62,81.8,124.2,77.2,77.5,68.5,80.059,68.1,85.47,100.9,63.812,85.029,68.5,86.197,92.3,97.782,101.4,81.3,87.1,83.5,60.73,72.92,71.1
74.541,80.974,70.63,82,124.19,77.229,77.3,68,80.061,68.16,85.37,101.4,63.809,85.043,69.1,86.179,92.3,97.773,101.6,82.4,86.8,82.8,60.82,73.08,71
74.544,80.937,70.65,82.1,124.19,77.259,76.8,68,80.063,68.22,85.22,101.41,63.806,85.057,69.5,86.162,92.3,97.764,101.7,83.8,86.7,82.4,60.97,73.25,71.1
74.547,80.9,70.67,82.6,124.18,77.288,76.5,68,80.066,68.28,85.07,101.43,63.803,85.071,70.6,86.145,92.3,97.755,101.9,85.1,87,82.1,61.08,73.38,71
74.55,81.5,70.68,82.8,124.17,77.318,76.1,68.1,80.068,68.34,84.9,101.44,63.8,85.086,70.6,86.128,92.3,97.745,101.9,85.3,87.2,81.9,61.17,73.53,71
74.553,82,70.7,83.3,124.17,77.347,75.6,68.2,80.07,68.4,84.7,101.45,63.95,85.1,71.9,86.11,92.3,97.736,102,85,87.2,81.9,61.23,74.1,71
74.556,82.5,70.75,83.5,124.16,77.376,75.4,68.3,80.073,68.8,84.5,101.46,64.17,85.9,72.7,86.093,92.3,97.727,101.9,84.8,87.5,82.4,61.27,74.67,70.9
74.559,82.7,70.78,83.3,124.15,77.406,75.5,68.4,80.075,69.1,84.3,101.47,64.35,86.7,73.9,86.076,92.5,97.718,102,84.6,88.3,80.9,61.27,75.22,71
74.562,83,70.83,83.2,124.15,77.435,76,68.5,80.078,69.1,84.13,101.49,64.52,86.8,74.6,86.059,92.48,97.709,101.8,84.3,87.7,81.3,61.25,75.75,71
74.565,83.2,70.88,82.8,124.14,77.465,76.4,68.6,80.08,69,84,101.5,64.67,86.7,75.5,86.041,92.46,97.7,101.5,84.5,87.5,81.9,61.22,76.3,70.9
74.568,83.5,70.93,82.4,124.13,77.494,77.1,68.7,80.28,69.3,83.85,101.1,64.87,86.8,76.5,86.024,92.44,97.4,101.3,84.9,87.2,82.1,61.15,76.83,70.8
74.571,83.9,70.98,82.5,124.13,77.524,77.3,68.8,80.48,69.8,83.7,100.7,65.07,87.4,77.4,86.007,92.42,96.5,101.2,85.7,86.2,81.6,61.1,77.37,70.7
74.574,84.4,71.02,82.3,124.12,77.553,77.5,68.9,80.67,70.2,83.52,100.7,65.2,89.7,78.4,85.99,92.4,96.6,101.1,86.7,86.4,79.8,61.27,77.93,70.6
74.577,85,71.07,81.9,124.11,77.582,77.7,69,80.85,70.5,83.33,100.5,65.35,90.2,79.7,85.972,92.38,96.2,100.7,87.1,86.8,79.8,61.45,78.55,70.5
74.58,85.9,71.12,81.3,124.11,77.612,77.7,69.1,81.03,70.8,82.88,100.5,65.45,90.4,79.75,85.955,92.36,95.5,100.5,87.6,86.9,79.75,61.48,78.98,70.3
74.67,86.4,71.15,81.1,124.1,77.641,77.7,69.2,81.25,71.1,82.53,100.6,65.52,90.3,79.8,85.938,92.34,94.4,100.2,88.3,86.5,79.7,61.55,79.45,70.3
74.75,86.6,71.18,81,123.5,77.671,77.7,69.3,81.45,71.1,82.13,100.7,65.6,90.5,79.85,85.921,92.32,93.5,100.1,88.6,86.5,79.65,61.62,79.95,70.6
74.82,86.6,71.22,80.8,123.1,77.7,77.6,69.4,81.63,71,81.58,100.9,65.67,91,79.9,85.903,92.3,92.8,100,88.606,86.4,79.6,61.72,80.48,70.7
74.85,86.4,71.23,80.5,122.8,78.2,77.6,69.2,81.82,70.6,81.28,100.9,65.7,91.5,79.95,85.886,92.5,91.6,99.9,88.612,86.6,79.55,61.95,80.97,70.8
74.87,86.1,71.23,80.5,122.6,78.7,77.5,70.4,81.97,70.4,81.07,100.8,65.8,92.6,80,85.869,92.7,90.7,99.7,88.619,86.1,79.5,62.17,81.45,71.1
74.87,85.9,71.25,80.6,122.2,78.8,77.6,71.7,81.95,70.3,80.95,100.6,65.92,93.2,79.1,85.852,92.9,89.9,99.5,88.625,85.5,81.2,62.35,81.97,71.2
74.87,85.8,71.3,80.7,121.9,79.1,77.8,72.1,82,69.9,80.78,100.2,65.98,93.5,77.6,85.834,93.1,89.6,99.3,88.631,85.3,82,62.5,82.47,71.3
74.87,85.6,71.35,80.6,121.5,79.3,78.1,72.2,82,69.1,80.48,98.5,66.13,93.4,77,85.817,93.3,89.3,99.2,88.638,84.2,82.9,62.72,82.92,71.4
74.83,85.8,71.42,79.9,121.1,81,78.4,71.9,81.98,68.6,80.2,97,66.3,93.8,75.9,85.8,93.4,89,98.9,88.644,83.4,83.2,62.92,83.28,71.5
74.8,85.8,71.5,79.5,120.6,81.8,78.6,71.6,81.95,67.9,79.92,95.9,66.42,94.1,74.9,84.2,93.7,88.3,98.917,88.65,82.7,83.7,63.13,83.63,71.6
74.75,86.2,71.58,78.7,120.4,82.8,78.6,72.6,81.93,67.905,79.83,94.3,66.57,93.8,73.6,83.1,93.7,87.5,98.933,88.656,82,83.7,63.37,83.97,71.7
74.72,86.5,71.67,78.2,120.3,83.4,78.5,72.9,81.93,67.91,79.77,93.3,66.72,93.8,72.8,81.7,94,87.2,98.95,88.662,80.9,82.7,63.62,84.25,71.8
74.68,86.8,71.75,78,120.1,83.8,78.2,72.7,81.98,67.914,79.67,92.8,66.8,93.3,71.6,80.6,94.2,86.4,98.967,88.669,80.874,83.7,63.61,84.53,71.9
74.65,86.7,71.82,77.8,119.9,84.6,77.4,72.9,82.02,67.919,79.53,92.8,66.93,92.8,71.3,80.1,94.8,86.2,98.983,88.675,80.848,83.1,63.6,84.85,71.9
74.63,87,71.88,77.7,119.5,85,76.9,72.1,82.17,67.924,79.43,92.7,67.05,92.4,71.2,79.2,95.2,85.9,99,88.681,80.823,83.2,63.59,85.08,72.3
74.62,86.8,71.93,77.6,119.2,85.3,76.4,73.3,82.28,67.929,79.32,92.7,67.2,92,70.6,78.4,95.7,85.3,98.8,88.688,80.797,83.5,63.58,85.28,72.6
74.62,86.8,71.97,77,119,85.3,76.7,74.3,82.38,67.933,79.17,92.8,67.37,91.7,70.3,77.9,95.8,84.8,98.8,88.694,80.771,84.4,63.57,85.45,72.7
74.62,86.9,71.98,76.7,118.9,85.3,76.9,73.9,82.48,67.938,79,93,67.52,91.5,70.3,77.8,95.5,84.7,98.8,88.7,80.745,85.6,63.56,85.67,72.9
74.62,87.2,71.98,76.6,118.8,85.3,77.1,73.5,82.6,67.943,78.83,93,67.7,91,69.9,77.1,95.5,84.2,98.8,88.2,80.719,86.6,63.55,85.83,73.2
74.6,87.7,71.97,76.6,118.8,84.7,77.7,74.9,82.72,67.948,78.833,92.6,67.87,90.9,69.7,76.3,95.1,84.167,98.8,88,80.694,87.7,63.54,85.86,73.4
74.58,88,71.95,76.5,118.6,84.1,77.8,75,82.85,67.952,78.837,92.637,68.12,91,69.5,75.1,95.1,84.133,98.8,87.1,80.668,88.6,63.53,85.89,73.6
74.55,89.1,71.93,76.65,118.3,83.6,78,75.4,83.02,67.957,78.84,92.675,68.38,91,69.7,74.5,94.9,84.1,98.9,86.8,80.642,88.8,63.52,85.92,73.4
74.52,90.1,71.93,76.8,118.2,83.1,78.5,75,83.2,67.962,78.843,92.713,68.62,91.3,69.8,74.8,94.8,84.7,98.9,86.5,80.616,88.6,63.08,85.82,73.4
74.48,90.8,71.93,77.1,118.2,83.1,78.6,75.5,83.38,67.967,78.847,92.75,69.02,91.4,69.7,75,94.4,84.9,99,86.1,80.59,88.6,62.68,85.68,73.2
74.48,91,71.97,77.1,118.3,83.2,78.6,75.3,83.57,67.971,78.85,92.787,69.37,89.9,69.6,75,94.2,85,99,85.5,80.565,88,62.27,85.53,73
74.5,90.7,72.03,77.3,118.3,83,78.55,75.2,83.75,67.976,78.85,92.825,69.7,89.7,69.4,74.6,93.8,84.9,99,85.3,80.539,87.3,61.9,85.38,72.9
74.52,90.9,72.13,77,118.3,82.6,78.5,75.4,83.92,67.981,78.85,92.863,70.03,89.6,69.2,73.7,93.6,84.6,98.9,85.3,80.513,87.2,61.57,85.22,72.8
74.55,90.8,72.25,77.2,118.2,82.2,78.45,75.9,84.08,67.986,78.85,92.9,70.33,89.7,68.8,73.6,93.1,84.5,98.9,85.6,80.487,87.4,61.17,85.02,72.9
74.62,90,72.37,78.1,118.2,80.7,78.4,76.8,84.18,67.99,78.85,93.7,70.65,89.6,68.2,73,93,84.4,98.895,85.3,80.461,87.8,60.93,84.82,73.1
74.7,89.7,72.45,78.5,118.4,80.3,78.1,77.3,84.22,67.995,78.88,94.7,70.97,89,68,71.8,92.9,84.3,98.89,85,80.435,87.9,60.82,84.6,73.4
74.78,89.4,72.5,78.8,118.4,79.6,78.1,76.6,84.35,68,78.87,95.9,71.28,89.3,67.7,71.5,93.1,84.2,98.885,84.8,80.41,87.6,60.67,84.38,74.2
74.88,89,72.5,78.9,118.4,79.6,78.2,78,84.4,68.5,78.85,96.3,71.83,89.5,67.7,71.2,93.1,84.3,98.88,84.6,80.384,87.4,60.52,84.15,74.4
74.98,89.4,72.47,79,118.5,79.7,78.3,78.6,84.48,69,78.83,96.9,71.87,90.5,68,70.3,92.8,84.6,98.875,84.9,80.358,87.5,60.48,83.92,74.5
75.08,89.8,72.4,79.6,118.5,79.7,78.375,78.1,84.58,69.4,79.02,97.4,71.87,91.4,67.8,69.4,92.6,84.2,98.87,85.1,80.332,87.6,60.48,83.7,74.5
75.15,89.8,72.32,79.9,118.6,80.2,78.45,78.9,84.7,70.4,79.18,97.9,71.83,92.4,67.5,69.1,92.583,84.133,98.865,85.3,80.306,87.3,60.5,83.48,74.5
75.22,90,72.22,80.4,118.6,80.1,78.525,79.2,84.72,70.9,79.38,98.3,71.88,92.9,67.5,68.6,92.567,84.067,98.86,85.1,80.281,87.9,60.6,83.27,74.2
75.25,90.7,72.12,81.5,118.7,80.5,78.6,78.6,84.62,71.4,79.58,98.7,71.92,93.9,67.48,68.4,92.55,84,98.855,85.1,80.255,87.9,60.48,83.02,74.2
75.27,91.3,72,81.9,118.6,80.7,78.4,79.7,84.5,71.7,79.8,98.8,71.97,94.5,67.46,68.5,92.533,84.067,98.85,85,80.229,87.5,60.35,82.82,74.1
75.27,91.5,71.88,82.2,118.5,81,77.9,79.9,84.4,71.9,80.02,99,71.98,95.4,67.44,68.4,92.517,84.133,98.845,84.8,80.203,87.7,60.2,82.65,74.3
75.25,91.3,71.78,82.3,118.4,81.4,77.4,80,84.3,72.5,80.18,99.5,72.02,95.4,67.42,68.6,92.5,84.2,98.84,84.2,80.177,88.7,60.18,82.5,74.4
75.23,91.3,71.7,82.5,118.6,81.7,77.3,80.7,84.22,72.9,80.28,99.8,72,95.7,67.4,68.7,92.7,84.1,98.835,83.8,80.152,88.4,60.23,82.37,74.3
75.22,90.5,71.63,82.3,118.8,82,77.2,80.1,84.23,73.1,80.32,100.4,71.97,95.7,67.6,69,92.9,84.086,98.83,83.5,80.126,89.4,60.35,82.23,74.3
75.2,90.4,71.58,82.2,119,82.1,77.2,80.7,84.43,73.4,80.3,101,71.93,95.8,68.1,68.7,93.1,84.071,98.825,83.2,80.1,90.2,60.5,82.1,74.1
75.2,90.5,71.55,82.4,119.4,81.9,77.2,81.6,84.6,73.7,80.27,101.02,71.87,95.7,69.3,68.5,93.3,84.057,98.82,83.4,80.8,89.9,60.67,81.97,74.1
75.23,90.9,71.53,82.5,119.4,81.5,77.4,82.7,84.78,74,80.2,101.04,71.67,95.68,70.2,68.3,93.4,84.043,98.815,83.7,81,89.7,60.93,81.77,74.1
75.27,92,71.52,82.6,119.1,81.3,77.6,82.721,84.77,74.5,80.08,101.06,71.47,95.66,71,68.7,93.5,84.029,98.81,83.4,81.5,88.6,61.15,81.55,73.7
75.3,93.4,71.53,82.7,118.5,81.3,77.7,82.743,84.78,75.2,79.97,101.09,71.28,95.64,71.9,69.9,93.8,84.014,98.805,83,81.6,87.8,61.37,81.37,73.6
75.32,93,71.57,82.8,118.1,81.3,77.7,82.764,84.68,75.5,79.88,101.11,71.1,95.62,72.6,70.1,94.4,84,98.8,82.6,81.8,86.7,61.48,81.17,73.4
75.33,93.038,71.62,82.8,118.3,81.7,77.6,82.786,84.52,75.7,79.78,101.13,71.02,95.6,73.6,70.8,94.4,84,99,82.7,82.5,86.4,61.5,80.98,73.1
75.33,93.077,71.68,82.9,118.5,81.9,77.4,82.807,84.4,76.1,79.7,101.15,70.98,95.58,74.5,71.8,94.6,84,99.1,83,82.4,87.9,61.53,80.82,72.8
75.32,93.115,71.75,83.1,118.8,82.1,77,82.829,84.3,76.6,79.62,101.17,70.97,95.56,75.5,72.1,94.2,84,99.1,83.2,82,87.5,61.58,80.67,72
75.3,93.154,71.8,83.4,118.9,82,76.4,82.85,84.18,77.9,79.5,101.19,70.97,95.54,76.2,71.8,94.4,84.1,99.1,83.1,81.7,88.5,61.65,80.52,71.8
75.27,93.192,71.87,83.1,118.8,82,75.8,82.871,84.03,78.3,79.4,101.21,70.98,95.52,76.4,72,94.7,84.2,99.2,82.6,81.9,88.8,61.77,80.35,71.8
75.22,93.231,71.93,82.8,118.9,81.9,75.5,82.893,83.9,78.6,79.1,101.24,70.98,95.5,76.5,72.3,95.1,84.6,99.2,82.2,82.1,88.8,61.9,80.2,71.7
75.13,93.269,71.97,82.6,118.8,81.5,75.4,82.914,83.72,78.5,79.091,101.26,70.97,94.6,76.5,72.2,95.6,84.9,99.3,81.8,82,87.4,62.03,80.08,71.8
75.02,93.308,71.98,82.2,118.8,81.6,75.4,82.936,83.52,78.6,79.083,101.28,70.97,93.9,77,72.9,95.8,84.9,99.6,81.4,82,85.8,62.2,79.95,71.9
74.88,93.346,71.98,82,118.5,81.3,75.4,82.957,83.32,78.8,79.074,101.3,70.98,92.8,77.6,72.9,96.1,84.9,99.9,80.8,81.9,85.2,62.37,79.82,72
74.75,93.385,71.98,81.9,118.2,81.4,75.3,82.979,83.12,78.8,79.065,100.2,71.03,91.8,77.9,73.1,96.4,85.1,100.2,80.7,81.7,84.7,62.33,79.68,71.9
74.63,93.423,71.95,81.8,118.4,81.4,75.3,83,82.95,78.8,79.057,99.7,71.07,91.6,78.5,73.6,96.6,85.3,100.5,80.6,80.9,83.9,62.32,79.58,71.7
74.52,93.462,71.92,81.9,118.7,81.2,75,83,82.77,78.8,79.048,99,70.85,91.5,79.1,73.8,97,85.8,100.6,80.6,80.6,82.8,62.42,79.48,71.5
74.52,93.5,71.88,81.8,118.8,81.2,74.7,81.9,82.53,78.8,79.039,97.6,70.68,91.1,79.7,73.9,97.3,86.5,101,80.7,80.8,82.7,62.45,79.38,71.4
74.52,93.538,71.83,81.9,119,81.3,74.4,82.9,82.32,78.8,79.03,96.9,70.5,90.5,79.833,73.4,97.9,87.2,101.2,81,80.6,81.4,62.5,79.3,71.5
74.52,93.577,71.78,81.8,119.2,81.4,73.8,82.767,82.05,78.8,79.022,95.9,70.45,89.4,79.967,73.2,98,87.9,101.5,81.3,80.4,81.2,62.5,79.18,71.6
74.52,93.615,71.73,81.6,119.2,81.5,73.1,82.633,81.83,78.8,79.013,95.3,70.15,88.9,80.1,72.7,98.6,88,101.7,81.5,80.4,82.5,62.35,79.07,71.8
74.52,93.654,71.72,81.4,119,81.7,72.6,82.5,81.62,78.8,79.004,94.7,69.82,88.3,79.6,72.4,99.3,88.6,102.1,81.5,81.1,81.4,62.18,78.98,72.1
74.62,93.692,71.68,81.4,119,81.8,72.6,80.9,81.47,78.8,78.996,94.4,69.5,87.9,78.7,72.1,99.6,89.2,102.6,81.9,81.1,82.2,62.02,78.9,72.5
74.72,93.731,71.65,81.6,119.2,81.8,72.6,80,81.27,78.8,78.987,93.7,69.18,87.9,78.2,71.2,100.2,89,103.2,81.9,81.1,83.9,61.83,78.83,72.6
74.82,93.769,71.62,81.3,119.3,81.5,72.6,80,81.07,78.8,78.978,93.3,68.92,87.7,77.9,70.9,100.1,90.4,103.3,81.4,81.3,82.9,61.63,78.8,72.7
74.92,93.808,71.58,81.2,119,81.6,72.6,80,80.82,78.8,78.97,93.2,68.58,87.3,77.8,70.2,100.3,91,103.6,80.8,81.3,82.6,61.43,78.78,72.8
75,93.846,71.55,81.2,118.6,81.8,72.6,80.3,80.73,78.8,78.961,93.1,68.28,86.7,77.5,69.7,100.2,91.6,103.8,79.8,81.4,81.2,61.23,78.78,72.5
75.08,93.885,71.55,81.1,118.3,82,72.6,80.5,80.65,78.8,78.952,93.2,68.03,86.3,76.6,69.9,100.3,92.5,104.3,79.2,82,81.6,61.03,78.82,72.4
75.15,93.923,71.55,81.3,118.1,82.2,72.6,80.5,80.6,77.8,78.943,93.1,67.77,85.5,76.1,70.2,100.4,93,104.31,78.7,82.6,80.1,60.85,78.85,72.2
75.22,93.962,71.55,81.5,118.1,82.4,73.3,81,80.55,77.6,78.935,93,67.52,85.5,75.6,70,100,94.2,104.32,78.4,82.6,80,60.68,78.9,72
75.27,94,71.55,81.5,118.1,82.3,74,81.3,80.57,77.3,78.926,92.7,67.22,85.3,75.1,70,99.7,95.5,104.33,78.4,82.9,79.9,60.6,78.93,71.9
75.32,92.9,71.55,81.6,118.3,82.1,74.2,81.9,80.62,77.4,78.917,92.6,66.88,86.2,74.7,69.7,99.3,96.6,104.34,78.6,83.1,79.8,60.48,78.97,71.7
75.38,92.7,71.55,81.7,118.7,81.6,74.4,82.1,80.68,77.4,78.909,92.6,66.57,86.8,74.1,69.2,99.1,97.3,104.35,78.7,83.2,79.7,60.33,79,71.7
75.45,92.3,71.55,81.7,119.3,81.3,74.3,82.3,80.77,77.2,78.9,92.8,66.2,87.1,73.4,68.5,98.8,97.6,104.36,78.3,82.9,79.6,60.22,79.03,71.6
75.55,92,71.57,81.8,119.7,81.1,74.3,82.2,80.82,76.6,79,93.6,65.82,87.3,72.8,68.482,98.5,97.65,104.37,77.8,82.8,79.5,60.15,79.07,71.7
75.67,91.7,71.6,82,119.4,80.9,74.3,83,80.83,75.9,79.13,94,65.35,87.1,72,68.464,98.4,97.7,104.38,77.8,83.3,79.4,60.13,79.12,71.8
75.82,91.4,71.65,82.2,118.9,80.8,74.4,81.5,80.8,74.4,79.22,94.5,64.78,87,71,68.445,98,97.75,104.39,77.4,83.5,79.6,60.08,79.15,71.8
75.97,91.3,71.72,82.5,118.4,80.7,74.8,81.4,80.73,74,79.12,95.5,64.28,86.8,70.2,68.427,97.5,97.8,104.4,77.3,83.6,79.6,60.02,79.2,71.9
76.13,91.3,71.8,82.8,118,80.3,75.2,80.7,80.63,74.1,79.05,95.7,64.278,87,68.7,68.409,96.9,97.6,104.41,77,83.5,80,59.98,79.27,71.6
76.28,90.9,71.88,82.8,118.01,79.9,75.7,80.2,80.48,75.4,78.98,95.7,64.275,87.8,67.9,68.391,96.7,97.6,104.42,76.5,83.6,80.8,60.05,79.37,71.3
76.42,90.5,71.97,82.9,118.01,79.4,76.8,78.4,80.33,75.9,78.95,95.6,64.273,88.3,67.875,68.373,96.5,97.8,104.43,76.63,83.6,80.2,60.1,79.48,71.2
76.5,89.3,72.03,83.2,118.02,79.3,77.3,77.9,80.2,75.7,78.87,95.7,64.271,89.1,67.85,68.355,96,97.82,104.44,76.76,83.1,79.6,60.12,79.65,70.7
76.55,88.4,72.07,83.3,118.03,79.2,78.2,77.6,80.08,75.4,78.83,96,64.269,90.2,67.825,68.336,95.8,97.84,104.45,76.89,82.7,80,60.08,79.63,70.5
76.58,87.7,72.03,83.5,118.04,78.3,78.3,77.8,80,75.2,78.83,96.2,64.266,90.6,67.8,68.318,95.3,97.86,104.45,77.02,82.7,79.3,60.07,79.62,70.4
76.57,86.9,71.98,83.7,118.04,78.2,78.3,77,79.93,74.9,78.83,96.5,64.264,91.3,67.775,68.3,95.1,97.88,104.46,77.15,82.3,80.2,60.12,79.6,70.4
76.6,86.5,71.92,83.9,118.05,78.2,78.3,76.7,79.98,74.5,78.9,96.4,64.262,91.5,67.75,68.282,95.2,97.9,104.47,77.28,82.2,79.5,60.03,79.58,70.4
76.6,86.7,71.85,83.878,118.06,78.2,78.5,76.2,80.07,74.3,78.97,96.2,64.26,91.7,67.725,68.264,95,96.7,104.48,77.41,82.4,79.557,59.82,79.53,70.6
76.6,86.9,71.8,83.856,118.06,78.5,78.6,73.8,80.07,73.9,79.03,95.7,64.257,92.5,67.7,68.245,95,96,104.49,77.54,82.2,79.614,59.63,79.38,70.7
76.6,87.8,71.77,83.833,118.07,79.4,78.6,73.3,80.08,73.3,79.1,95.6,64.255,93,67.675,68.227,95,95.4,104.5,77.67,82.2,79.671,59.37,79.15,70.8
76.62,88.5,71.77,83.811,118.08,79.5,78.3,72.5,80.07,72.8,79.23,95.6,64.253,93.5,67.65,68.209,95,93.4,104.51,77.8,82.8,79.729,59.12,79.03,70.9
76.67,88.7,71.8,83.789,118.09,80.2,78,71.9,80.03,72.4,79.32,95.6,64.25,94.5,67.625,68.191,95.1,91.2,104.52,78.7,82.6,79.786,58.87,78.92,70.9
76.77,88.8,71.85,83.767,118.09,80.6,77.8,70.7,79.97,71.5,79.38,95.7,64.248,94.6,67.6,68.173,95.5,90.5,104.53,79.9,82.7,79.843,58.57,78.78,71
76.88,88.9,71.92,83.744,118.1,81.2,77.5,70.1,79.95,71,79.38,95.8,64.246,94.6,68,68.155,95.6,90.2,104.54,81.7,82.5,79.9,58.2,78.68,70.9
77,88.8,71.98,83.722,118.11,81.5,77.5,68.8,80.03,70.4,79.37,95.8,64.244,95.1,68.1,68.136,95.7,90,104.55,83.3,83,80.2,57.87,78.63,71
77.13,88.7,72.07,83.7,118.11,81.9,77.4,68.6,80.15,70.1,79.33,95.9,64.241,95.4,68.6,68.118,95.6,90.6,104.56,85.4,83.9,79.9,57.55,78.58,71.1
77.28,88.7,72.13,83.678,118.12,82.1,77.5,68.4,80.28,70,79.3,95.9,64.239,95.5,69.3,68.1,95.6,89.9,104.57,87.1,85.1,79.9,57.25,78.5,71.1
77.42,88.4,72.2,83.656,118.13,82.3,77.6,68.2,80.45,69.9,79.28,95.8,64.237,95.6,70.1,68.8,95.4,89.8,104.58,87.6,85.8,80.1,56.95,78.38,71.1
77.5,88.1,72.25,83.633,118.14,82.1,77.5,68,80.63,69.6,79.35,95.8,64.235,96.2,70.6,69.8,95.5,90.2,104.59,88.5,86.6,79.7,56.78,78.3,71.1
77.57,87.8,72.28,83.611,118.14,81.4,77.2,68,80.73,69.3,79.42,95.8,64.232,96.2,71.1,70.7,95.6,90.3,104.6,88.8,87.6,79.3,56.5,78.23,71.3
77.62,87,72.3,83.589,118.15,81.2,76.8,68,80.72,68.1,79.52,96.3,64.23,96.2,72.1,71.8,95.8,90.2,104.3,88.8,88.1,79.333,56.2,78.13,71.5
77.65,86.6,72.32,83.567,118.16,81.1,76,68,80.72,68,79.63,96.5,64.75,96.2,72.9,72.2,96,89.7,104.3,88.753,88.8,79.367,55.93,78.08,71.5
77.67,87.1,72.33,83.544,118.16,81.1,75.4,68.3,80.75,67.9,79.78,96.3,65.45,96.2,73.7,72.7,96.3,89.3,104,88.707,90,79.4,55.67,78.1,71.5
77.7,87.3,72.35,83.522,118.17,81.5,74.8,69,80.93,68,79.9,96.1,66.18,96.2,74.3,72.9,96.2,89.2,103.9,88.66,91.3,79.5,55.45,78.13,71.5
77.75,87.9,72.33,83.5,118.18,83,74.7,69,81.08,68.3,79.9,96,66.93,96.2,74.5,72.5,96.3,89.1,103.4,88.613,91.323,79.4,55.25,78.03,71.5
77.82,88.3,72.28,82.8,118.19,83.9,74.9,69.2,81.37,68.9,79.9,95.8,67.7,95.3,74.5,72.2,96.3,87.9,103,88.567,91.345,79.3,55.17,77.93,71.7
77.9,89,72.23,82,118.19,84.3,75,70.2,81.67,69.3,79.93,95.9,68.35,95.3,74.5,72.4,96.3,87.6,102.2,88.52,91.368,80.1,55.2,77.82,71.9
77.98,89.6,72.15,81.3,118.2,84.6,75,69.2,81.92,69.5,79.98,96.1,68.97,95.2,74.4,72.8,96.3,88.1,102,88.473,91.39,80.6,55.23,77.78,72.2
78.02,89.8,72.07,80.8,118.5,84.6,75.2,71,82.18,69.6,80.03,97.1,69.62,95.1,74.3,73.2,96.4,87.6,101.4,88.427,91.413,81.2,55.27,77.78,72.7
78.05,89.5,71.98,80.2,119,84.4,75.2,71.8,82.48,69.8,80.07,97.5,70.25,94.9,74.2,72.9,96.5,87.6,101.1,88.38,91.435,81.9,55.3,77.75,72.8
78.07,89.1,71.92,80.2,119.5,84.2,75.2,71.8,82.73,69.8,80.1,97.7,70.92,95,74,72.3,96.5,88.2,100.8,88.333,91.458,81.9,55.28,77.73,73
78.08,88.4,71.87,80.3,119.7,83.7,75.1,71.6,83.02,70.2,80.3,97.6,71.58,94.7,73.8,71.2,96.5,88.3,100.7,88.287,91.481,82.1,55.25,77.68,73
78.1,87.7,71.85,80.4,120.3,83.5,74.9,71.3,83.33,70.3,80.42,97.2,72.2,94.8,73.3,70.7,96.4,88.3,100.7,88.24,91.503,81.9,55.22,77.6,73
78.12,86.1,71.85,80.3,120.4,83.2,74.8,71.1,83.7,70.3,80.57,96.2,72.68,95,73.2,70.3,96.4,88.3,100.5,88.193,91.526,81.7,55.13,77.55,72.8
78.03,85.3,71.87,80,120.4,83.1,74.9,71.4,84.03,70.5,80.73,95.9,73.17,94.7,73.1,70.4,96.5,88,100.4,88.147,91.548,81.9,55.05,77.77,72.8
77.93,84.7,71.88,79.6,120.3,83,74.9,72.1,84.42,70.7,80.9,95.5,73.55,94.6,72.9,70.4,96.9,87.3,100.1,88.1,91.571,81.8,55.052,78,72.8
77.85,84.5,71.9,78.6,120.3,83.1,75,71.8,84.73,70.7,81.05,95.3,74.02,94.7,72.5,70.4,97.1,87.8,100,86.9,91.594,81.5,55.054,78.18,72.9
77.77,84.7,71.92,78.2,120.5,83.3,75,72.3,85.08,70.5,81.18,95.4,74.48,94.9,71.8,69.7,97.7,87.3,99.9,86.4,91.616,80.9,55.056,78.4,73.2
77.68,85.2,71.92,77.7,120.5,83.9,75,71.5,85.47,70.4,81.3,95.6,74.95,94.6,71.4,69.4,98,86.5,99.8,85.8,91.639,81,55.057,78.62,73.6
77.58,85.4,71.93,77.7,120.4,85.3,75.1,73.1,85.83,70.3,81.43,95.6,75.38,94,71,69,98.4,86.4,100,85.4,91.661,81.4,55.059,78.87,73.8
77.4,86.2,71.95,77.6,120.3,85.289,75.3,73,86.27,70.1,81.53,95.5,75.83,93.9,70.3,68.9,98.5,86.5,100,85.5,91.684,82,55.061,79.17,73.9
77.28,86.7,71.98,78.2,120.4,85.278,75.5,72.9,86.62,70,81.62,95.7,76.3,94,70,69.2,98.4,86.7,100,85.2,91.706,82.7,55.063,79.43,74.1
77.18,87,72.02,78.6,120.3,85.267,76.1,73.6,86.98,69.9,81.62,96,76.78,94.4,69.7,69.7,98.3,86.5,100.3,85.3,91.729,82.9,55.065,79.65,74.6
77.03,87,72.05,79.2,120,85.256,76.5,73.5,87.32,70.3,81.62,96.4,77.25,94.9,69.3,70.8,98.3,86,100.2,85.1,91.752,82.7,55.067,79.83,75.2
76.87,87,72.07,79.6,119.7,85.244,76.9,74,87.7,70.5,81.6,96.9,77.72,95,69.4,71.6,98.6,85.9,100.5,84.9,91.774,82.6,55.069,80.02,75.185
76.72,87.1,72.08,80.1,119.4,85.233,77.1,75.1,88.13,70.7,81.57,97.1,78.17,95.9,69.4,72.8,99.3,86,100.7,84.8,91.797,82.7,55.071,80.18,75.17
76.62,87.1,72.08,80.8,119,85.222,77.1,74.1,88.57,70.9,81.52,97.4,78.63,96.1,69.3,73.6,99.6,89.2,101,84.6,91.819,84.4,55.073,80.37,75.156
76.52,87,72.07,81.2,118.7,85.211,76.7,75.1,88.83,71.1,81.45,97.9,79.08,95.5,68.9,75,100.2,90.2,101.1,84.4,91.842,84,55.074,80.57,75.141
76.42,87.1,72,81.8,118.5,85.2,76.4,74.8,88.836,71.4,81.37,97.9,79.53,95.3,68.3,75.7,100.5,91.3,101.1,84.2,91.865,85.1,55.076,80.73,75.126
76.33,87.6,71.92,82.2,118.2,84.5,76,74.1,88.842,71.8,81.3,97.8,80,95.3,67.8,76.8,101,93.9,101.1,84,91.887,85.6,55.078,80.9,75.111
76.22,88.1,71.83,82.4,118.2,84.5,76,73.7,88.848,72.5,81.23,97.9,80.47,95.1,67.7,78,101.4,97,101.2,84.6,91.91,86.3,55.08,81.07,75.096
76.42,88.9,71.75,82.8,118.2,84.5,76.1,74,88.855,72.8,81.15,98.1,80.92,95,68,79.1,101.9,97.5,101.2,85,91.932,86.2,55.17,81.22,75.081
76.58,89.8,71.68,83,118.2,84.5,76.6,75.1,88.861,73.3,81.05,98.4,81.37,95.1,68,79.6,102.6,97.3,101.3,85.5,91.955,87,55.2,81.35,75.067
76.87,91.4,71.63,83.1,118.3,84.5,76.9,74.8,88.867,74.1,80.93,99.5,81.75,95.1,67.7,80.5,103.1,97.143,101.3,85.9,91.977,87,55.18,81.48,75.052
77.17,92.3,71.6,83.1,118.2,84.5,77.1,75.4,88.873,74.4,80.85,100.1,82.23,95.5,67.4,80.8,103.9,96.986,101.4,86.5,92,86.7,55.15,81.62,75.037
77.43,93,71.58,83.3,118.1,84.4,77.2,76,88.879,74.4,80.73,100.6,82.72,95.9,67.407,81,104.3,96.829,101.5,86.8,91.4,86.4,55.15,81.75,75.022
77.68,93.7,71.57,83.3,118.07,84.4,77.3,76.4,88.885,74.6,80.58,100.6,83.18,96.2,67.413,81.8,104.6,96.671,101.6,86.9,91.2,86,55.1,81.88,75.007
77.95,93.9,71.55,83.4,118.05,84.2,77.3,76.4,88.891,74.7,80.45,100.6,83.73,96.1,67.42,82.2,105,96.514,101.6,86.7,91.4,85.6,55.08,82.03,74.993
78.17,94.3,71.52,83.7,118.03,83.8,77.5,76.5,88.897,74.7,80.32,100.5,84.13,96.1,67.427,82.4,105.02,96.357,101.7,86.2,91.3,85.1,55.03,82.18,74.978
78.38,94.34,71.48,83.5,118,83.1,78,76.1,88.904,74.6,80.2,100.4,84.6,96.5,67.433,82,105.03,96.2,101.7,85.6,91.2,84.6,55.032,82.33,74.963
78.58,94.38,71.47,83.4,118.2,82.4,78.3,76.1,88.91,74.6,80.08,100.4,85.08,96.6,67.44,81.9,105.05,96.043,101.8,84.9,91.2,83.8,55.033,82.47,74.948
78.8,94.42,71.47,83.3,118.6,82,78.304,76.1,88.916,74.5,79.97,100.2,85.088,96.6,67.447,80.9,105.06,95.886,101.7,84.3,90.9,82.5,55.035,82.6,74.933
79.07,94.46,71.47,82.9,118.9,81.4,78.308,75.2,88.922,74.4,79.97,99.9,85.096,96.4,67.453,80,105.08,95.729,101.5,83.7,90.2,82,55.037,82.72,74.919
79.38,94.5,71.5,82.5,119.1,81.2,78.313,76.3,88.928,74.2,80.05,99.5,85.104,96.1,67.46,78.7,105.09,95.571,101.4,83.2,90.1,81.9,55.038,83.02,74.904
79.75,94.5,71.62,82.4,119.3,81.2,78.317,75.1,88.934,73.8,80.17,98.7,85.113,95.7,67.467,78,105.11,95.414,101.1,82.4,89.8,81.8,55.04,83.32,74.889
80.23,94.1,71.77,82,119.4,81.1,78.321,75.1,88.94,74.1,80.22,98.4,85.121,95.2,67.473,76.9,105.12,95.257,100.9,82.1,89.5,81.5,55.042,83.63,74.874
80.63,93.7,71.95,81.7,119.5,81.1,78.325,75.3,88.946,74.1,80.23,97.7,85.129,94.6,67.48,76.3,105.14,95.1,100.8,81.9,89.4,80.9,55.043,83.95,74.859
81.05,93.3,72.13,81.5,119.5,81.2,78.329,75.7,88.953,74.3,80.28,96.9,85.137,95.1,67.487,75.1,105.15,94.3,100.7,81.6,89.1,80.6,55.045,84.32,74.844
81.5,93.2,72.3,80.9,119.4,81.3,78.333,76,88.959,74.1,80.32,96.2,85.145,94.7,67.493,74.1,105.17,93.2,100.7,80.7,88.6,80.5,55.047,84.8,74.83
81.95,93.1,72.45,80.7,119.2,81.3,78.338,76,88.965,73.9,80.45,96.1,85.153,94.7,67.5,72.6,105.18,90.3,100.7,80.2,88.7,81.5,55.048,85.35,74.815
82.37,93.1,72.57,80.5,119.1,81.3,78.342,76.2,88.971,73.4,80.5,95.9,85.161,94.2,67.8,71.2,105.2,87,100.9,79.4,88.9,80.8,55.05,85.78,74.8
82.77,93.4,72.67,80,119,81.2,78.346,76.1,88.977,73.1,80.6,95.8,85.17,93.7,67.6,70.5,105,87.1,100.9,78.9,89.1,82.2,55.13,86.21,73
83.17,93.8,72.75,79.7,119.1,81.3,78.35,75.3,88.983,72.7,80.72,95.8,85.178,92.8,67.9,69.9,104.6,86.4,100.7,77.9,89.7,81.8,55.27,86.64,71.9
83.57,93.6,72.83,79.5,119.4,80.9,78.354,76,88.989,72.1,80.87,95.6,85.186,92.4,68.2,69.7,104.4,85.2,100.7,77.5,89.4,82.2,55.4,87.07,70.1
83.97,92.8,72.92,79.7,119.8,80.5,78.358,75.8,88.995,72,80.97,95.3,85.194,91.3,68.5,70.1,104.1,85.2,100.4,77.423,89.3,82.5,55.53,87.5,69.2
84.37,91.1,72.98,80,120.1,80.1,78.362,75.9,89.002,72,81.03,95.4,85.202,90,68.7,70,104.1,85.2,100.5,77.346,89.7,82.2,55.62,87.93,69.245
84.77,89.8,73.05,80.6,120.4,79.5,78.367,76.1,89.008,72.1,81.08,95.7,85.21,89.1,69,70,104,85,100.3,77.269,89.5,81.9,55.73,88.36,69.291
85.17,88.7,73.1,80.7,120.4,79.2,78.371,76.4,89.014,72.1,81.15,95.9,85.219,88.1,69.5,69.6,103.8,85,100.2,77.192,88.8,82,55.83,88.79,69.336
85.57,87.7,73.15,80.9,120.5,78.7,78.375,76.3,89.02,72.2,81.13,96.1,85.227,87.4,69.9,69.5,103.5,85.3,100.4,77.115,88.6,82.4,55.77,89.22,69.382
85.97,86.8,73.18,81.5,120.4,78.7,78.379,77.3,88.87,72.5,81.17,96.3,85.235,85.4,70.2,69.3,103,85.2,100.6,77.038,88.2,82.8,55.8,89.65,69.427
86.37,86.3,73.22,81.7,120.3,78.6,78.383,77.9,88.63,73,81.17,96.3,85.243,85.388,70.3,69.5,102.8,85.2,100.6,76.962,87.3,83.3,55.83,90.08,69.473
86.77,86,73.23,82,120.1,78.7,78.388,78.2,88.42,73.4,81.17,96.2,85.251,85.375,70.2,69.9,102.5,85.2,100.5,76.885,87.4,84.3,55.83,90.51,69.518
87.17,85.8,73.27,82.3,120.2,78.6,78.392,78.9,88.15,73.9,81.18,96.2,85.259,85.363,70.6,70.9,102.6,85.6,100.5,76.808,87.1,84.2,55.83,90.94,69.564
87.57,85.7,73.28,82.7,120.3,78.7,78.396,78.7,87.97,74,81.23,96.5,85.267,85.35,70.3,71.8,102.8,85.8,100.6,76.731,87,83.7,55.9,91.37,69.609
87.97,85.8,73.33,83.1,120.4,78.6,78.4,79.8,87.78,74.2,81.4,97.2,85.276,85.338,70.3,72.5,103.1,85.8,100.8,76.654,87,83.4,55.97,91.8,69.655
88.37,85.8,73.4,83.6,120.4,78,77.8,79.4,87.58,73.7,81.58,97.7,85.284,85.325,70.6,73.4,103.2,85.8,100.9,76.577,86.2,82.9,56,92.23,69.7
88.77,86.5,73.48,84.1,120.2,77.8,77.3,79.3,87.33,73.5,81.75,98.4,85.292,85.313,70.4,73.5,103.1,86.1,101.2,76.5,86.1,81.6,56.05,92.66,70.4
89.17,86.8,73.56,84.6,120.2,77.9,76.7,78.7,87.1,73.2,81.9,98.9,85.3,85.3,70.1,73.3,102.7,86.5,101.4,76.7,86,82,56.1,93.09,70.8
89.57,86.8,73.64,85.1,119.9,77.6,76.1,78.4,86.78,73.3,82.05,99.5,85.17,85.288,70.1,73.1,102.7,86.8,101.5,77.2,85.4,82.3,56.17,93.52,71.6
89.97,86.3,73.72,85.6,119.8,77.4,75.7,78.6,86.4,73.4,82.22,99.5,85.08,85.275,69.9,73.4,102.7,87.1,101.5,77.5,85.2,80,56.27,93.95,72.1
90.37,86.1,73.8,86.1,119.8,77.2,75.5,78.6,85.98,73.8,82.37,99.7,84.97,85.263,69.7,73.9,102.4,87.5,101.4,77.9,84.8,80.1,56.33,94.38,72.6
90.77,85.3,73.88,86.6,119.8,77,75.2,78.8,85.52,73.8,82.45,100.1,84.88,85.25,70,74.3,102.3,87.6,101.4,78.8,83.5,79.3,56.38,94.81,73.2
91.17,84.8,73.96,87.1,120.2,76.8,74.6,79.1,85.05,73.7,82.5,100.5,84.92,85.238,69.9,74.7,102.4,88.2,101.5,79.5,82.6,79.7,56.45,95.24,74.1
91.57,85.5,74.04,87.6,120.3,76.6,74.4,79.6,84.6,73.6,82.47,100.8,85.05,85.225,70.1,75,102.5,88.6,101.6,80.7,82.4,80.1,56.48,95.67,75
91.97,86.2,74.12,88.1,120.4,76.4,74.2,79.9,84.18,73.3,82.45,101,85.22,85.213,70.4,74.2,102.8,88.8,101.7,81.9,82,80.5,56.5,96.1,75.5
92.37,87.7,74.2,88.6,120.5,76.2,75.2,80.2,83.77,73.2,82.45,101.3,85.39,85.2,70.8,74,102.7,89.3,101.8,82.5,81.5,80.9,56.55,96.53,76
92.77,88.8,74.28,89.1,120.4,76,75.7,80.2,83.48,73,82.45,101.4,85.56,86.6,71.3,73.5,102.7,89.9,102.1,83.3,81.5,81.3,56.6,96.96,76.5
93.17,89.4,74.36,89.6,120.5,75.8,75.7,80.6,83.17,72.5,82.43,101.5,85.73,88.3,71.2,73.9,103.1,90.6,102.2,83.6,81.4,81.7,56.62,97.39,77
93.57,88.5,74.44,90.1,120.5,75.6,75.2,80.8,82.85,72.4,82.35,101.6,85.9,89.8,70.9,74.1,103.7,91.2,102.1,84,81.2,82.1,56.6,97.82,77.5
